id,collection,type,draw_required,draw_excerpt,has_fig,source_figs,source_fig_missing,redrawn,answer_diagram,solution_present,answer_present,drawing_text_present
2003-Q01,exam,choice,0,,0,0,,0,0,1,1,0
2003-Q02,exam,choice,0,,0,0,,0,0,1,1,0
2003-Q03,exam,choice,0,,0,0,,0,0,1,1,0
2003-Q04,exam,choice,0,,0,0,,0,0,1,1,0
2003-Q05,exam,choice,0,,0,0,,0,0,1,1,0
2003-Q06,exam,fill,0,,0,0,,0,0,1,1,0
2003-Q07,exam,fill,0,,0,0,,0,0,1,1,0
2003-Q08,exam,fill,0,,0,0,,0,0,1,1,0
2003-Q09,exam,fill,0,,0,0,,0,0,1,1,0
2003-Q10,exam,fill,0,,0,0,,0,0,1,1,0
2003-Q11,exam,fill,0,,0,0,,0,0,1,1,0
2003-Q12,exam,fill,0,,0,0,,0,0,1,1,0
2003-Q13,exam,fill,0,,0,0,,0,0,1,1,0
2003-Q14,exam,fill,0,,0,0,,0,0,1,1,0
2003-Q15,exam,fill,0,,0,0,,0,0,1,1,0
2003-Q16,exam,fill,0,,0,0,,0,0,1,1,0
2003-Q17,exam,fill,0,,0,0,,0,0,1,1,0
2003-Q18,exam,fill,0,,0,0,,0,0,1,1,0
2003-Q19,exam,calc,0,,0,0,,0,0,1,1,0
2003-Q20,exam,calc,0,,0,0,,0,0,1,1,0
2003-Q21,exam,calc,0,,0,0,,0,0,1,1,0
2003-Q22,exam,calc,0,,0,0,,0,0,1,1,0
2003-Q23,exam,calc,0,,0,0,,0,0,1,1,0
2003-Q24,exam,calc,0,,0,0,,0,0,1,1,0
2003-Q25,exam,calc,0,,0,0,,0,0,1,1,0
2003-Q26,exam,calc,1,绘出 $M_1$、$M_2$ 的步冷曲线,1,1,,1,1,1,1,1
2003-Q27,exam,calc,0,,0,0,,0,0,1,1,0
2003-Q28,exam,calc,0,,0,0,,0,0,1,1,0
2003-Q29,exam,short,0,,0,0,,0,0,1,1,0
2004-Q01,exam,fill,0,,0,0,,0,0,1,1,0
2004-Q02,exam,fill,0,,0,0,,0,0,1,1,0
2004-Q03,exam,fill,0,,0,0,,0,0,1,1,0
2004-Q04,exam,fill,0,,0,0,,0,0,1,1,0
2004-Q05,exam,fill,0,,0,0,,0,0,1,1,0
2004-Q06,exam,fill,0,,0,0,,0,0,1,1,0
2004-Q07,exam,calc,0,,0,0,,0,0,1,1,0
2004-Q08,exam,calc,0,,0,0,,0,0,1,1,0
2004-Q09,exam,calc,0,,0,0,,0,0,1,1,0
2004-Q10,exam,calc,0,,0,0,,0,0,1,1,0
2004-Q11,exam,calc,1,相图，请标明各相区并画,1,1,,1,1,1,1,1
2004-Q12,exam,calc,0,,0,0,,0,0,1,1,0
2004-Q13,exam,calc,0,,0,0,,0,0,1,1,0
2004-Q14,exam,calc,0,,0,0,,0,0,1,1,0
2005-Q01,exam,fill,0,,0,0,,0,0,1,1,0
2005-Q02,exam,fill,0,,0,0,,0,0,1,1,0
2005-Q03,exam,fill,0,,0,0,,0,0,1,1,0
2005-Q04,exam,fill,0,,0,0,,0,0,1,1,0
2005-Q05,exam,fill,0,,0,0,,0,0,1,1,0
2005-Q06,exam,fill,0,,0,0,,0,0,1,1,0
2005-Q07,exam,fill,0,,0,0,,0,0,1,1,0
2005-Q08,exam,fill,0,,0,0,,0,0,1,1,0
2005-Q09,exam,fill,0,,0,0,,0,0,1,1,0
2005-Q10,exam,fill,0,,0,0,,0,0,1,1,0
2005-Q11,exam,fill,0,,0,0,,0,0,1,1,0
2005-Q12,exam,fill,0,,0,0,,0,0,1,1,0
2005-Q13,exam,fill,0,,0,0,,0,0,1,1,0
2005-Q14,exam,fill,0,,0,0,,0,0,1,1,0
2005-Q15,exam,fill,0,,0,0,,0,0,1,1,0
2005-Q16,exam,fill,0,,0,0,,0,0,1,1,1
2005-Q17,exam,fill,0,,0,0,,0,0,1,1,0
2005-Q18,exam,fill,0,,0,0,,0,0,1,1,0
2005-Q19,exam,fill,0,,0,0,,0,0,1,1,0
2005-Q20,exam,fill,0,,0,0,,0,0,1,1,0
2005-Q21,exam,fill,0,,0,0,,0,0,1,1,0
2005-Q22,exam,fill,0,,0,0,,0,0,1,1,0
2005-Q23,exam,fill,0,,0,0,,0,0,1,1,0
2005-Q24,exam,fill,0,,0,0,,0,0,1,1,1
2005-Q25,exam,fill,0,,0,0,,0,0,1,1,0
2005-Q26,exam,fill,0,,0,0,,0,0,1,1,0
2005-Q27,exam,calc,0,,0,0,,0,0,1,1,0
2005-Q28,exam,calc,0,,0,0,,0,0,1,1,0
2005-Q29,exam,calc,0,,1,1,,1,0,1,1,1
2005-Q30,exam,calc,0,,0,0,,0,0,1,1,0
2005-Q31,exam,calc,0,,0,0,,0,0,1,1,0
2005-Q32,exam,calc,0,,0,0,,0,0,1,1,0
2006-Q01,exam,judge,0,,0,0,,0,0,1,1,0
2006-Q02,exam,judge,0,,0,0,,0,0,1,1,0
2006-Q03,exam,judge,0,,0,0,,0,0,1,1,0
2006-Q04,exam,judge,0,,0,0,,0,0,1,1,0
2006-Q05,exam,judge,0,,0,0,,0,0,1,1,0
2006-Q06,exam,judge,0,,0,0,,0,0,1,1,0
2006-Q07,exam,judge,0,,0,0,,0,0,1,1,0
2006-Q08,exam,judge,0,,0,0,,0,0,1,1,0
2006-Q09,exam,judge,0,,0,0,,0,0,1,1,0
2006-Q10,exam,judge,0,,0,0,,0,0,1,1,0
2006-Q11,exam,choice,0,,0,0,,0,0,1,1,0
2006-Q12,exam,choice,0,,0,0,,0,0,1,1,0
2006-Q13,exam,choice,0,,0,0,,0,0,1,1,0
2006-Q14,exam,choice,0,,0,0,,0,0,1,1,0
2006-Q15,exam,choice,0,,0,0,,0,0,1,1,0
2006-Q16,exam,choice,0,,0,0,,0,0,1,1,0
2006-Q17,exam,choice,0,,0,0,,0,0,1,1,0
2006-Q18,exam,choice,0,,0,0,,0,0,1,1,0
2006-Q19,exam,choice,0,,0,0,,0,0,1,1,0
2006-Q20,exam,choice,0,,0,0,,0,0,1,1,0
2006-Q21,exam,choice,0,,0,0,,0,0,1,1,1
2006-Q22,exam,choice,0,,0,0,,0,0,1,1,0
2006-Q23,exam,choice,0,,0,0,,0,0,1,1,0
2006-Q24,exam,choice,0,,0,0,,0,0,1,1,0
2006-Q25,exam,choice,0,,0,0,,0,0,1,1,0
2006-Q26,exam,choice,0,,0,0,,0,0,1,1,0
2006-Q27,exam,choice,0,,0,0,,0,0,1,1,0
2006-Q28,exam,choice,0,,0,0,,0,0,1,1,0
2006-Q29,exam,choice,0,,0,0,,0,0,1,1,0
2006-Q30,exam,choice,0,,0,0,,0,0,1,1,0
2006-Q31,exam,fill,0,,0,0,,0,0,1,1,0
2006-Q32,exam,fill,0,,0,0,,0,0,1,1,0
2006-Q33,exam,fill,0,,0,0,,0,0,1,1,0
2006-Q34,exam,fill,0,,0,0,,0,0,1,1,0
2006-Q35,exam,fill,0,,0,0,,0,0,1,1,0
2006-Q36,exam,calc,0,,0,0,,0,0,1,1,0
2006-Q37,exam,calc,0,,0,0,,0,0,1,1,0
2006-Q38,exam,calc,0,,0,0,,0,0,1,1,0
2006-Q39,exam,calc,0,,0,0,,0,0,1,1,0
2006-Q40,exam,calc,0,,0,0,,0,0,1,1,0
2006-Q41,exam,calc,0,,0,0,,0,0,1,1,0
2006-Q42,exam,calc,0,,0,0,,0,0,1,1,0
2007-Q01,exam,fill,0,,0,0,,0,0,1,1,0
2007-Q02,exam,fill,0,,0,0,,0,0,1,1,0
2007-Q03,exam,fill,0,,0,0,,0,0,1,1,0
2007-Q04,exam,fill,0,,0,0,,0,0,1,1,0
2007-Q05,exam,fill,0,,0,0,,0,0,1,1,0
2007-Q06,exam,fill,0,,0,0,,0,0,1,1,1
2007-Q07,exam,fill,0,,0,0,,0,0,1,1,0
2007-Q08,exam,fill,0,,0,0,,0,0,1,1,0
2007-Q09,exam,fill,0,,0,0,,0,0,1,1,0
2007-Q10,exam,fill,0,,0,0,,0,0,1,1,0
2007-Q11,exam,fill,0,,0,0,,0,0,1,1,0
2007-Q12,exam,fill,0,,0,0,,0,0,1,1,0
2007-Q13,exam,fill,0,,0,0,,0,0,1,1,0
2007-Q14,exam,fill,0,,0,0,,0,0,1,1,0
2007-Q15,exam,fill,0,,0,0,,0,0,1,1,0
2007-Q16,exam,fill,0,,0,0,,0,0,1,1,0
2007-Q17,exam,fill,0,,0,0,,0,0,1,1,0
2007-Q18,exam,fill,0,,0,0,,0,0,1,1,0
2007-Q19,exam,fill,0,,0,0,,0,0,1,1,0
2007-Q20,exam,calc,0,,0,0,,0,0,1,1,0
2007-Q21,exam,calc,0,,0,0,,0,0,1,1,0
2007-Q22,exam,calc,1,画出 NaCl--$\ce{H2O}$ 的相图,0,0,,0,1,1,1,1
2007-Q23,exam,calc,0,,0,0,,0,0,1,1,0
2007-Q24,exam,calc,0,,0,0,,0,0,1,1,0
2007-Q25,exam,short,0,,0,0,,0,0,1,1,0
2008-Q01,exam,choice,0,,0,0,,0,0,1,1,0
2008-Q02,exam,choice,0,,0,0,,0,0,1,1,0
2008-Q03,exam,choice,0,,0,0,,0,0,1,1,0
2008-Q04,exam,choice,0,,0,0,,0,0,1,1,0
2008-Q05,exam,choice,0,,0,0,,0,0,1,1,0
2008-Q06,exam,choice,0,,0,0,,0,0,1,1,0
2008-Q07,exam,choice,0,,0,0,,0,0,1,1,0
2008-Q08,exam,choice,0,,0,0,,0,0,1,1,0
2008-Q09,exam,choice,0,,0,0,,0,0,1,1,0
2008-Q10,exam,choice,0,,0,0,,0,0,1,1,0
2008-Q11,exam,choice,0,,0,0,,0,0,1,1,0
2008-Q12,exam,choice,0,,0,0,,0,0,1,1,0
2008-Q13,exam,choice,0,,0,0,,0,0,1,1,0
2008-Q14,exam,choice,0,,0,0,,0,0,1,1,0
2008-Q15,exam,fill,0,,0,0,,0,0,1,1,0
2008-Q16,exam,fill,0,,0,0,,0,0,1,1,0
2008-Q17,exam,fill,0,,0,0,,0,0,1,1,0
2008-Q18,exam,fill,0,,0,0,,0,0,1,1,0
2008-Q19,exam,fill,0,,0,0,,0,0,1,1,0
2008-Q20,exam,choice,0,,0,0,,0,0,1,1,0
2008-Q21,exam,choice,0,,0,0,,0,0,1,1,0
2008-Q22,exam,choice,0,,0,0,,0,0,1,1,0
2008-Q23,exam,choice,0,,0,0,,0,0,1,1,0
2008-Q24,exam,choice,0,,0,0,,0,0,1,1,0
2008-Q25,exam,choice,0,,0,0,,0,0,1,1,1
2008-Q26,exam,fill,0,,0,0,,0,0,1,1,0
2008-Q27,exam,choice,0,,0,0,,0,0,1,1,0
2008-Q28,exam,choice,0,,0,0,,0,0,1,1,0
2008-Q29,exam,choice,0,,0,0,,0,0,1,1,0
2008-Q30,exam,choice,0,,0,0,,0,0,1,1,0
2008-Q31,exam,calc,0,,0,0,,0,0,1,1,0
2008-Q32,exam,calc,0,,0,0,,0,0,1,1,0
2008-Q33,exam,calc,1,绘出相图,0,0,,0,1,1,1,1
2008-Q34,exam,calc,0,,0,0,,0,0,1,1,0
2008-Q35,exam,calc,0,,0,0,,0,0,1,1,0
2008-Q36,exam,calc,0,,0,0,,0,0,1,1,0
2009-Q01,exam,choice,0,,0,0,,0,0,1,1,0
2009-Q02,exam,choice,0,,0,0,,0,0,1,1,0
2009-Q03,exam,choice,0,,0,0,,0,0,1,1,0
2009-Q04,exam,choice,0,,0,0,,0,0,1,1,0
2009-Q05,exam,choice,0,,0,0,,0,0,1,1,0
2009-Q06,exam,choice,0,,0,0,,0,0,1,1,0
2009-Q07,exam,choice,0,,0,0,,0,0,1,1,0
2009-Q08,exam,choice,0,,0,0,,0,0,1,1,0
2009-Q09,exam,choice,0,,0,0,,0,0,1,1,0
2009-Q10,exam,choice,0,,0,0,,0,0,1,1,0
2009-Q11,exam,choice,0,,1,1,,1,0,1,1,1
2009-Q12,exam,choice,0,,0,0,,0,0,1,1,0
2009-Q13,exam,choice,0,,0,0,,0,0,1,1,0
2009-Q14,exam,choice,0,,0,0,,0,0,1,1,0
2009-Q15,exam,choice,0,,0,0,,0,0,1,1,0
2009-Q16,exam,choice,0,,0,0,,0,0,1,1,0
2009-Q17,exam,choice,0,,0,0,,0,0,1,1,0
2009-Q18,exam,choice,0,,0,0,,0,0,1,1,0
2009-Q19,exam,choice,0,,0,0,,0,0,1,1,0
2009-Q20,exam,choice,0,,0,0,,0,0,1,1,0
2009-Q21,exam,choice,0,,0,0,,0,0,1,1,0
2009-Q22,exam,fill,0,,0,0,,0,0,1,1,0
2009-Q23,exam,fill,0,,0,0,,0,0,1,1,0
2009-Q24,exam,fill,0,,0,0,,0,0,1,1,0
2009-Q25,exam,fill,0,,0,0,,0,0,1,1,0
2009-Q26,exam,fill,0,,0,0,,0,0,1,1,0
2009-Q27,exam,fill,0,,0,0,,0,0,1,1,0
2009-Q28,exam,fill,0,,0,0,,0,0,1,1,0
2009-Q29,exam,fill,0,,0,0,,0,0,1,1,0
2009-Q30,exam,calc,0,,0,0,,0,0,1,1,0
2009-Q31,exam,calc,1,绘制出温度--组成（$t$--$w$）示意图,0,0,,0,1,1,1,1
2009-Q32,exam,calc,0,,0,0,,0,0,1,1,0
2009-Q33,exam,calc,0,,0,0,,0,0,1,1,0
2009-Q34,exam,calc,0,,0,0,,0,0,1,1,0
2010-Q01,exam,choice,0,,0,0,,0,0,1,1,0
2010-Q02,exam,choice,0,,0,0,,0,0,1,1,0
2010-Q03,exam,choice,0,,0,0,,0,0,1,1,0
2010-Q04,exam,choice,0,,0,0,,0,0,1,1,0
2010-Q05,exam,choice,0,,0,0,,0,0,1,1,0
2010-Q06,exam,choice,0,,0,0,,0,0,1,1,0
2010-Q07,exam,choice,0,,0,0,,0,0,1,1,0
2010-Q08,exam,choice,0,,0,0,,0,0,1,1,0
2010-Q09,exam,choice,0,,0,0,,0,0,1,1,0
2010-Q10,exam,choice,0,,0,0,,0,0,1,1,0
2010-Q11,exam,choice,0,,0,0,,0,0,1,1,0
2010-Q12,exam,choice,0,,0,0,,0,0,1,1,0
2010-Q13,exam,choice,0,,0,0,,0,0,1,1,0
2010-Q14,exam,choice,0,,0,0,,0,0,1,1,0
2010-Q15,exam,choice,0,,0,0,,0,0,1,1,0
2010-Q16,exam,choice,0,,0,0,,0,0,1,1,0
2010-Q17,exam,choice,0,,0,0,,0,0,1,1,0
2010-Q18,exam,choice,0,,0,0,,0,0,1,1,0
2010-Q19,exam,choice,0,,0,0,,0,0,1,1,0
2010-Q20,exam,choice,0,,0,0,,0,0,1,1,0
2010-Q21,exam,choice,0,,0,0,,0,0,1,1,0
2010-Q22,exam,choice,0,,0,0,,0,0,1,1,0
2010-Q23,exam,choice,0,,0,0,,0,0,1,1,0
2010-Q24,exam,fill,0,,0,0,,0,0,1,1,0
2010-Q25,exam,fill,0,,0,0,,0,0,1,1,0
2010-Q26,exam,fill,0,,0,0,,0,0,1,1,0
2010-Q27,exam,fill,0,,0,0,,0,0,1,1,0
2010-Q28,exam,fill,0,,0,0,,0,0,1,1,0
2010-Q29,exam,fill,0,,0,0,,0,0,1,1,0
2010-Q30,exam,calc,1,画出 a、b、c 表示的三个体系由 $t_1$ 温度冷却到 $t_2$ 的步冷曲线,1,1,,1,1,1,1,1
2010-Q31,exam,calc,0,,0,0,,0,0,1,1,0
2010-Q32,exam,calc,0,,0,0,,0,0,1,1,0
2010-Q33,exam,calc,0,,0,0,,0,0,1,1,0
2010-Q34,exam,calc,0,,0,0,,0,0,1,1,0
2010-Q35,exam,calc,0,,0,0,,0,0,1,1,1
2010-Q36,exam,calc,0,,0,0,,0,0,1,1,0
2011-Q01,exam,choice,0,,0,0,,0,0,1,1,0
2011-Q02,exam,choice,0,,0,0,,0,0,1,1,0
2011-Q03,exam,choice,0,,0,0,,0,0,1,1,0
2011-Q04,exam,choice,0,,0,0,,0,0,1,1,0
2011-Q05,exam,choice,0,,0,0,,0,0,1,1,0
2011-Q06,exam,choice,0,,0,0,,0,0,1,1,0
2011-Q07,exam,choice,0,,0,0,,0,0,1,1,0
2011-Q08,exam,choice,0,,0,0,,0,0,1,1,0
2011-Q09,exam,choice,0,,0,0,,0,0,1,1,0
2011-Q10,exam,choice,0,,0,0,,0,0,1,1,0
2011-Q11,exam,choice,0,,0,0,,0,0,1,1,1
2011-Q12,exam,choice,0,,0,0,,0,0,1,1,0
2011-Q13,exam,choice,0,,0,0,,0,0,1,1,0
2011-Q14,exam,choice,0,,0,0,,0,0,1,1,0
2011-Q15,exam,choice,0,,0,0,,0,0,1,1,0
2011-Q16,exam,choice,0,,0,0,,0,0,1,1,0
2011-Q17,exam,choice,0,,0,0,,0,0,1,1,0
2011-Q18,exam,choice,0,,0,0,,0,0,1,1,0
2011-Q19,exam,choice,0,,0,0,,0,0,1,1,0
2011-Q20,exam,choice,0,,0,0,,0,0,1,1,0
2011-Q21,exam,fill,0,,0,0,,0,0,1,1,0
2011-Q22,exam,fill,0,,0,0,,0,0,1,1,0
2011-Q23,exam,fill,0,,0,0,,0,0,1,1,0
2011-Q24,exam,fill,0,,0,0,,0,0,1,1,0
2011-Q25,exam,fill,0,,0,0,,0,0,1,1,0
2011-Q26,exam,fill,0,,0,0,,0,0,1,1,0
2011-Q27,exam,fill,0,,0,0,,0,0,1,1,0
2011-Q28,exam,fill,0,,0,0,,0,0,1,1,0
2011-Q29,exam,fill,0,,0,0,,0,0,1,1,0
2011-Q30,exam,fill,0,,0,0,,0,0,1,1,0
2011-Q31,exam,calc,0,,0,0,,0,0,1,1,0
2011-Q32,exam,calc,0,,0,0,,0,0,1,1,0
2011-Q33,exam,calc,0,,0,0,,0,0,1,1,0
2011-Q34,exam,calc,0,,0,0,,0,0,1,1,0
2011-Q35,exam,calc,1,绘出图,1,1,,1,1,1,1,1
2011-Q36,exam,calc,0,,0,0,,0,0,1,1,0
2012-Q01,exam,choice,0,,0,0,,0,0,1,1,0
2012-Q02,exam,choice,0,,0,0,,0,0,1,1,0
2012-Q03,exam,choice,0,,0,0,,0,0,1,1,0
2012-Q04,exam,choice,0,,0,0,,0,0,1,1,1
2012-Q05,exam,choice,0,,0,0,,0,0,1,1,0
2012-Q06,exam,choice,0,,0,0,,0,0,1,1,0
2012-Q07,exam,choice,0,,0,0,,0,0,1,1,0
2012-Q08,exam,choice,0,,0,0,,0,0,1,1,0
2012-Q09,exam,choice,0,,0,0,,0,0,1,1,0
2012-Q10,exam,choice,0,,0,0,,0,0,1,1,0
2012-Q11,exam,choice,0,,0,0,,0,0,1,1,0
2012-Q12,exam,choice,0,,0,0,,0,0,1,1,0
2012-Q13,exam,choice,0,,0,0,,0,0,1,1,0
2012-Q14,exam,choice,0,,0,0,,0,0,1,1,0
2012-Q15,exam,choice,0,,0,0,,0,0,1,1,0
2012-Q16,exam,choice,0,,0,0,,0,0,1,1,0
2012-Q17,exam,choice,0,,0,0,,0,0,1,1,0
2012-Q18,exam,choice,0,,0,0,,0,0,1,1,0
2012-Q19,exam,choice,0,,0,0,,0,0,1,1,0
2012-Q20,exam,choice,0,,0,0,,0,0,1,1,0
2012-Q21,exam,judge,0,,0,0,,0,0,1,1,0
2012-Q22,exam,judge,0,,0,0,,0,0,1,1,0
2012-Q23,exam,judge,0,,0,0,,0,0,1,1,0
2012-Q24,exam,judge,0,,0,0,,0,0,1,1,0
2012-Q25,exam,judge,0,,0,0,,0,0,1,1,0
2012-Q26,exam,judge,0,,0,0,,0,0,1,1,0
2012-Q27,exam,judge,0,,0,0,,0,0,1,1,0
2012-Q28,exam,judge,0,相图的绘,0,0,,0,0,1,1,1
2012-Q29,exam,judge,0,,0,0,,0,0,1,1,0
2012-Q30,exam,judge,0,,0,0,,0,0,1,1,0
2012-Q31,exam,short,0,,0,0,,0,0,1,1,0
2012-Q32,exam,calc,0,,0,0,,0,0,1,1,0
2012-Q33,exam,calc,0,,0,0,,0,0,1,1,0
2012-Q34,exam,calc,0,,0,0,,0,0,1,1,0
2012-Q35,exam,calc,0,,0,0,,0,0,1,1,0
2012-Q36,exam,calc,0,,0,0,,0,0,1,1,0
2013-Q01,exam,judge,0,,0,0,,0,0,1,1,0
2013-Q02,exam,judge,0,,0,0,,0,0,1,1,0
2013-Q03,exam,judge,0,,0,0,,0,0,1,1,0
2013-Q04,exam,judge,0,,0,0,,0,0,1,1,0
2013-Q05,exam,judge,0,,0,0,,0,0,1,1,0
2013-Q06,exam,judge,0,,0,0,,0,0,1,1,0
2013-Q07,exam,judge,0,,0,0,,0,0,1,1,0
2013-Q08,exam,judge,0,,0,0,,0,0,1,1,0
2013-Q09,exam,judge,0,,0,0,,0,0,1,1,0
2013-Q10,exam,judge,0,,0,0,,0,0,1,1,0
2013-Q11,exam,fill,0,,0,0,,0,0,1,1,0
2013-Q12,exam,fill,0,,0,0,,0,0,1,1,0
2013-Q13,exam,fill,0,,0,0,,0,0,1,1,0
2013-Q14,exam,fill,0,,0,0,,0,0,1,1,0
2013-Q15,exam,fill,0,,0,0,,0,0,1,1,0
2013-Q16,exam,choice,0,,0,0,,0,0,1,1,0
2013-Q17,exam,choice,0,,0,0,,0,0,1,1,0
2013-Q18,exam,choice,0,,0,0,,0,0,1,1,1
2013-Q19,exam,choice,0,,0,0,,0,0,1,1,0
2013-Q20,exam,choice,0,,0,0,,0,0,1,1,0
2013-Q21,exam,choice,0,,0,0,,0,0,1,1,0
2013-Q22,exam,choice,0,,0,0,,0,0,1,1,0
2013-Q23,exam,choice,0,,0,0,,0,0,1,1,0
2013-Q24,exam,choice,0,,0,0,,0,0,1,1,0
2013-Q25,exam,choice,0,,0,0,,0,0,1,1,0
2013-Q26,exam,short,0,,0,0,,0,0,1,1,0
2013-Q27,exam,calc,1,绘制出 A--B 二组分凝聚系统的 $t$--$x_{\mathrm B}$ 相图,0,0,,0,1,1,1,1
2013-Q28,exam,calc,0,,0,0,,0,0,1,1,0
2013-Q29,exam,calc,0,,0,0,,0,0,1,1,0
2013-Q30,exam,calc,0,,0,0,,0,0,1,1,0
2013-Q31,exam,calc,0,,0,0,,0,0,1,1,0
2014-Q01,exam,judge,0,,0,0,,0,0,1,1,0
2014-Q02,exam,judge,0,,0,0,,0,0,1,1,0
2014-Q03,exam,judge,0,,0,0,,0,0,1,1,0
2014-Q04,exam,judge,0,,0,0,,0,0,1,1,0
2014-Q05,exam,judge,0,,0,0,,0,0,1,1,0
2014-Q06,exam,judge,0,,0,0,,0,0,1,1,0
2014-Q07,exam,judge,0,,0,0,,0,0,1,1,0
2014-Q08,exam,judge,0,,0,0,,0,0,1,1,0
2014-Q09,exam,judge,0,,0,0,,0,0,1,1,1
2014-Q10,exam,judge,0,,0,0,,0,0,1,1,1
2014-Q11,exam,judge,0,,0,0,,0,0,1,1,0
2014-Q12,exam,judge,0,,0,0,,0,0,1,1,0
2014-Q13,exam,judge,0,,0,0,,0,0,1,1,0
2014-Q14,exam,judge,0,,0,0,,0,0,1,1,1
2014-Q15,exam,judge,0,,0,0,,0,0,1,1,0
2014-Q16,exam,choice,0,,0,0,,0,0,1,1,0
2014-Q17,exam,choice,0,,0,0,,0,0,1,1,0
2014-Q18,exam,choice,0,,0,0,,0,0,1,1,0
2014-Q19,exam,choice,0,,0,0,,0,0,1,1,0
2014-Q20,exam,choice,0,,0,0,,0,0,1,1,0
2014-Q21,exam,choice,0,,0,0,,0,0,1,1,0
2014-Q22,exam,choice,0,,0,0,,0,0,1,1,0
2014-Q23,exam,choice,0,,0,0,,0,0,1,1,0
2014-Q24,exam,choice,0,,0,0,,0,0,1,1,0
2014-Q25,exam,choice,0,,0,0,,0,0,1,1,0
2014-Q26,exam,short,0,,0,0,,0,0,1,1,0
2014-Q27,exam,calc,0,,0,0,,0,0,1,1,0
2014-Q28,exam,calc,0,,0,0,,0,0,1,1,0
2014-Q29,exam,calc,0,,0,0,,0,0,1,1,0
2014-Q30,exam,calc,0,,0,0,,0,0,1,1,0
2014-Q31,exam,calc,0,,0,0,,0,0,1,1,0
2014-Q32,exam,calc,0,,0,0,,0,0,1,1,0
2015-Q01,exam,judge,0,,0,0,,0,0,1,1,1
2015-Q02,exam,judge,0,,0,0,,0,0,1,1,0
2015-Q03,exam,judge,0,,0,0,,0,0,1,1,0
2015-Q04,exam,judge,0,,0,0,,0,0,1,1,0
2015-Q05,exam,judge,0,,0,0,,0,0,1,1,0
2015-Q06,exam,judge,0,,0,0,,0,0,1,1,0
2015-Q07,exam,judge,0,,0,0,,0,0,1,1,0
2015-Q08,exam,judge,0,,0,0,,0,0,1,1,0
2015-Q09,exam,judge,0,,0,0,,0,0,1,1,0
2015-Q10,exam,judge,0,,0,0,,0,0,1,1,0
2015-Q11,exam,choice,0,,0,0,,0,0,1,1,0
2015-Q12,exam,choice,0,,0,0,,0,0,1,1,0
2015-Q13,exam,choice,0,,0,0,,0,0,1,1,0
2015-Q14,exam,choice,0,,0,0,,0,0,1,1,0
2015-Q15,exam,choice,0,,0,0,,0,0,1,1,0
2015-Q16,exam,choice,0,,0,0,,0,0,1,1,0
2015-Q17,exam,choice,0,,0,0,,0,0,1,1,0
2015-Q18,exam,choice,0,,0,0,,0,0,1,1,0
2015-Q19,exam,choice,0,,0,0,,0,0,1,1,0
2015-Q20,exam,choice,0,,0,0,,0,0,1,1,0
2015-Q21,exam,short,0,,0,0,,0,0,1,1,1
2015-Q22,exam,calc,0,,0,0,,0,0,1,1,0
2015-Q23,exam,calc,0,,0,0,,0,0,1,1,0
2015-Q24,exam,calc,0,,0,0,,0,0,1,1,0
2015-Q25,exam,calc,0,,0,0,,0,0,1,1,0
2015-Q26,exam,calc,0,,0,0,,0,0,1,1,0
2015-Q27,exam,calc,0,,0,0,,0,0,1,1,0
2015-Q28,exam,calc,0,,0,0,,0,0,1,1,0
2016-Q01,exam,judge,0,,0,0,,0,0,1,1,0
2016-Q02,exam,judge,0,,0,0,,0,0,1,1,0
2016-Q03,exam,judge,0,,0,0,,0,0,1,1,0
2016-Q04,exam,judge,0,,0,0,,0,0,1,1,0
2016-Q05,exam,judge,0,,0,0,,0,0,1,1,0
2016-Q06,exam,judge,0,,0,0,,0,0,1,1,0
2016-Q07,exam,judge,0,,0,0,,0,0,1,1,0
2016-Q08,exam,judge,0,,0,0,,0,0,1,1,0
2016-Q09,exam,judge,0,,0,0,,0,0,1,1,0
2016-Q10,exam,judge,0,,0,0,,0,0,1,1,0
2016-Q11,exam,choice,0,,0,0,,0,0,1,1,0
2016-Q12,exam,choice,0,,0,0,,0,0,1,1,0
2016-Q13,exam,choice,0,,0,0,,0,0,1,1,0
2016-Q14,exam,choice,0,,0,0,,0,0,1,1,0
2016-Q15,exam,choice,0,,0,0,,0,0,1,1,0
2016-Q16,exam,choice,0,,0,0,,0,0,1,1,0
2016-Q17,exam,choice,0,,0,0,,0,0,1,1,1
2016-Q18,exam,choice,0,,0,0,,0,0,1,1,0
2016-Q19,exam,choice,0,,0,0,,0,0,1,1,0
2016-Q20,exam,choice,0,,0,0,,0,0,1,1,0
2016-Q21,exam,short,0,,0,0,,0,0,1,1,1
2016-Q22,exam,calc,0,,0,0,,0,0,1,1,0
2016-Q23,exam,calc,0,,0,0,,0,0,1,1,0
2016-Q24,exam,calc,0,,0,0,,0,0,1,1,0
2016-Q25,exam,calc,0,,0,0,,0,0,1,1,0
2016-Q26,exam,calc,0,,0,0,,0,0,1,1,0
2016-Q27,exam,calc,1,绘出过状态点 a 和 b 两个样品对应的冷却曲线,1,1,,1,1,1,1,1
2017-Q01,exam,judge,0,,0,0,,0,0,1,1,0
2017-Q02,exam,judge,0,,0,0,,0,0,1,1,0
2017-Q03,exam,judge,0,,0,0,,0,0,1,1,0
2017-Q04,exam,judge,0,,0,0,,0,0,1,1,0
2017-Q05,exam,judge,0,,0,0,,0,0,1,1,0
2017-Q06,exam,judge,0,,0,0,,0,0,1,1,0
2017-Q07,exam,judge,0,,0,0,,0,0,1,1,1
2017-Q08,exam,judge,0,,0,0,,0,0,1,1,0
2017-Q09,exam,judge,0,,0,0,,0,0,1,1,0
2017-Q10,exam,judge,0,,0,0,,0,0,1,1,0
2017-Q11,exam,choice,0,,0,0,,0,0,1,1,0
2017-Q12,exam,choice,0,,0,0,,0,0,1,1,0
2017-Q13,exam,choice,0,,0,0,,0,0,1,1,0
2017-Q14,exam,choice,0,,0,0,,0,0,1,1,0
2017-Q15,exam,choice,0,,0,0,,0,0,1,1,0
2017-Q16,exam,choice,0,,0,0,,0,0,1,1,0
2017-Q17,exam,choice,0,,1,1,,1,0,1,1,0
2017-Q18,exam,choice,0,,0,0,,0,0,1,1,0
2017-Q19,exam,choice,0,,0,0,,0,0,1,1,0
2017-Q20,exam,choice,0,,0,0,,0,0,1,1,0
2017-Q21,exam,short,0,,0,0,,0,0,1,1,0
2017-Q22,exam,calc,0,,0,0,,0,0,1,1,0
2017-Q23,exam,calc,0,,0,0,,0,0,1,1,0
2017-Q24,exam,calc,0,,0,0,,0,0,1,1,0
2017-Q25,exam,calc,0,,1,1,,1,0,1,1,0
2017-Q26,exam,calc,0,,0,0,,0,0,1,1,0
2017-Q27,exam,calc,0,,0,0,,0,0,1,1,0
2018-Q01,exam,judge,0,,0,0,,0,0,1,1,0
2018-Q02,exam,judge,0,,0,0,,0,0,1,1,0
2018-Q03,exam,judge,0,,0,0,,0,0,1,1,0
2018-Q04,exam,judge,0,,0,0,,0,0,1,1,0
2018-Q05,exam,judge,0,,0,0,,0,0,1,1,0
2018-Q06,exam,judge,0,,0,0,,0,0,1,1,0
2018-Q07,exam,judge,0,,0,0,,0,0,1,1,0
2018-Q08,exam,judge,0,,0,0,,0,0,1,1,0
2018-Q09,exam,judge,0,,0,0,,0,0,1,1,1
2018-Q10,exam,judge,0,,0,0,,0,0,1,1,0
2018-Q11,exam,choice,0,,0,0,,0,0,1,1,0
2018-Q12,exam,choice,0,,0,0,,0,0,1,1,0
2018-Q13,exam,choice,0,,0,0,,0,0,1,1,0
2018-Q14,exam,choice,0,,0,0,,0,0,1,1,0
2018-Q15,exam,choice,0,,0,0,,0,0,1,1,0
2018-Q16,exam,choice,0,,0,0,,0,0,1,1,0
2018-Q17,exam,choice,0,,0,0,,0,0,1,1,1
2018-Q18,exam,choice,0,,0,0,,0,0,1,1,0
2018-Q19,exam,choice,0,,0,0,,0,0,1,1,0
2018-Q20,exam,choice,0,,0,0,,0,0,1,1,0
2018-Q21,exam,short,0,,0,0,,0,0,1,1,0
2018-Q22,exam,calc,0,,0,0,,0,0,1,1,0
2018-Q23,exam,calc,0,,0,0,,0,0,1,1,0
2018-Q24,exam,calc,0,,0,0,,0,0,1,1,0
2018-Q25,exam,calc,0,,0,0,,0,0,1,1,0
2018-Q26,exam,calc,0,,0,0,,0,0,1,1,0
2018-Q27,exam,calc,0,,0,0,,0,0,1,1,0
2018-Q28,exam,calc,0,,0,0,,0,0,1,1,0
2019-Q01,exam,judge,0,,0,0,,0,0,1,1,0
2019-Q02,exam,judge,0,,0,0,,0,0,1,1,0
2019-Q03,exam,judge,0,,0,0,,0,0,1,1,0
2019-Q04,exam,judge,0,,0,0,,0,0,1,1,0
2019-Q05,exam,judge,0,,0,0,,0,0,1,1,0
2019-Q06,exam,judge,0,,0,0,,0,0,1,1,0
2019-Q07,exam,judge,0,,0,0,,0,0,1,1,0
2019-Q08,exam,judge,0,,0,0,,0,0,1,1,0
2019-Q09,exam,judge,0,,0,0,,0,0,1,1,0
2019-Q10,exam,judge,0,,0,0,,0,0,1,1,0
2019-Q11,exam,choice,0,,0,0,,0,0,1,1,0
2019-Q12,exam,choice,0,,0,0,,0,0,1,1,0
2019-Q13,exam,choice,0,,0,0,,0,0,1,1,0
2019-Q14,exam,choice,0,,0,0,,0,0,1,1,0
2019-Q15,exam,choice,0,,0,0,,0,0,1,1,0
2019-Q16,exam,choice,0,,0,0,,0,0,1,1,0
2019-Q17,exam,choice,0,,0,0,,0,0,1,1,0
2019-Q18,exam,choice,0,,0,0,,0,0,1,1,0
2019-Q19,exam,choice,0,,0,0,,0,0,1,1,0
2019-Q20,exam,choice,0,,0,0,,0,0,1,1,0
2019-Q21,exam,short,0,,0,0,,0,0,1,1,0
2019-Q22,exam,calc,0,,0,0,,0,0,1,1,0
2019-Q23,exam,calc,0,,0,0,,0,0,1,1,0
2019-Q24,exam,calc,0,,0,0,,0,0,1,1,0
2019-Q25,exam,calc,0,,0,0,,0,0,1,1,0
2019-Q26,exam,calc,0,,0,0,,0,0,1,1,0
2019-Q27,exam,calc,0,,0,0,,0,0,1,1,0
2019-Q28,exam,calc,0,,0,0,,0,0,1,1,0
2020-Q01,exam,choice,0,,0,0,,0,0,1,1,0
2020-Q02,exam,choice,0,,0,0,,0,0,1,1,0
2020-Q03,exam,choice,0,,0,0,,0,0,1,1,0
2020-Q04,exam,choice,0,,0,0,,0,0,1,1,0
2020-Q05,exam,choice,0,,0,0,,0,0,1,1,0
2020-Q06,exam,choice,0,,0,0,,0,0,1,1,0
2020-Q07,exam,choice,0,,0,0,,0,0,1,1,0
2020-Q08,exam,choice,0,,0,0,,0,0,1,1,0
2020-Q09,exam,choice,0,,0,0,,0,0,1,1,0
2020-Q10,exam,choice,0,,0,0,,0,0,1,1,0
2020-Q11,exam,choice,0,,0,0,,0,0,1,1,0
2020-Q12,exam,choice,0,,0,0,,0,0,1,1,0
2020-Q13,exam,choice,0,,0,0,,0,0,1,1,0
2020-Q14,exam,choice,0,,0,0,,0,0,1,1,0
2020-Q15,exam,choice,0,,0,0,,0,0,1,1,0
2020-Q16,exam,fill,0,,0,0,,0,0,1,1,0
2020-Q17,exam,fill,0,,0,0,,0,0,1,1,0
2020-Q18,exam,fill,0,,0,0,,0,0,1,1,0
2020-Q19,exam,fill,0,,0,0,,0,0,1,1,0
2020-Q20,exam,fill,0,,0,0,,0,0,1,1,0
2020-Q21,exam,fill,0,,0,0,,0,0,1,1,0
2020-Q22,exam,fill,0,,0,0,,0,0,1,1,0
2020-Q23,exam,fill,0,,0,0,,0,0,1,1,0
2020-Q24,exam,fill,0,,0,0,,0,0,1,1,0
2020-Q25,exam,fill,0,,0,0,,0,0,1,1,0
2020-Q26,exam,short,0,,0,0,,0,0,1,1,0
2020-Q27,exam,calc,0,,0,0,,0,0,1,1,0
2020-Q28,exam,calc,0,,0,0,,0,0,1,1,0
2020-Q29,exam,calc,0,,0,0,,0,0,1,1,0
2020-Q30,exam,calc,0,,0,0,,0,0,1,1,0
2020-Q31,exam,calc,0,,0,0,,0,0,1,1,0
2020-Q32,exam,calc,0,,0,0,,0,0,1,1,0
2021-Q01,exam,choice,0,,0,0,,0,0,1,1,0
2021-Q02,exam,choice,0,,0,0,,0,0,1,1,0
2021-Q03,exam,choice,0,,0,0,,0,0,1,1,0
2021-Q04,exam,choice,0,,0,0,,0,0,1,1,0
2021-Q05,exam,choice,0,,0,0,,0,0,1,1,0
2021-Q06,exam,choice,0,,0,0,,0,0,1,1,0
2021-Q07,exam,choice,0,,0,0,,0,0,1,1,0
2021-Q08,exam,choice,0,,0,0,,0,0,1,1,0
2021-Q09,exam,choice,0,,0,0,,0,0,1,1,0
2021-Q10,exam,choice,0,,0,0,,0,0,1,1,0
2021-Q11,exam,choice,0,,0,0,,0,0,1,1,0
2021-Q12,exam,choice,0,,0,0,,0,0,1,1,0
2021-Q13,exam,choice,0,,0,0,,0,0,1,1,0
2021-Q14,exam,choice,0,,0,0,,0,0,1,1,0
2021-Q15,exam,choice,0,,0,0,,0,0,1,1,0
2021-Q16,exam,fill,0,,0,0,,0,0,1,1,0
2021-Q17,exam,fill,0,,0,0,,0,0,1,1,0
2021-Q18,exam,fill,0,,0,0,,0,0,1,1,0
2021-Q19,exam,fill,0,,0,0,,0,0,1,1,0
2021-Q20,exam,fill,0,,0,0,,0,0,1,1,0
2021-Q21,exam,fill,0,,0,0,,0,0,1,1,0
2021-Q22,exam,fill,0,,0,0,,0,0,1,1,0
2021-Q23,exam,fill,0,,0,0,,0,0,1,1,0
2021-Q24,exam,fill,0,,0,0,,0,0,1,1,0
2021-Q25,exam,fill,0,,0,0,,0,0,1,1,0
2021-Q26,exam,short,0,,0,0,,0,0,1,1,1
2021-Q27,exam,calc,0,,0,0,,0,0,1,1,0
2021-Q28,exam,calc,0,,0,0,,0,0,1,1,0
2021-Q29,exam,calc,0,,0,0,,0,0,1,1,0
2021-Q30,exam,calc,0,,0,0,,0,0,1,1,0
2021-Q31,exam,calc,0,,0,0,,0,0,1,1,0
2021-Q32,exam,calc,1,绘制自点 a 开始降温的步冷曲线,1,1,,1,1,1,1,1
2022-Q01,exam,choice,0,,0,0,,0,0,1,1,0
2022-Q02,exam,choice,0,,0,0,,0,0,1,1,0
2022-Q03,exam,choice,0,,0,0,,0,0,1,1,0
2022-Q04,exam,choice,0,,0,0,,0,0,1,1,0
2022-Q05,exam,choice,0,,0,0,,0,0,1,1,0
2022-Q06,exam,choice,0,,0,0,,0,0,1,1,0
2022-Q07,exam,choice,0,,0,0,,0,0,1,1,0
2022-Q08,exam,choice,0,,0,0,,0,0,1,1,0
2022-Q09,exam,choice,0,,0,0,,0,0,1,1,0
2022-Q10,exam,choice,0,,0,0,,0,0,1,1,0
2022-Q11,exam,choice,0,,0,0,,0,0,1,1,0
2022-Q12,exam,choice,0,,0,0,,0,0,1,1,0
2022-Q13,exam,choice,0,,0,0,,0,0,1,1,0
2022-Q14,exam,choice,0,,0,0,,0,0,1,1,0
2022-Q15,exam,choice,0,,0,0,,0,0,1,1,0
2022-Q16,exam,fill,0,,0,0,,0,0,1,1,0
2022-Q17,exam,fill,0,,0,0,,0,0,1,1,0
2022-Q18,exam,fill,0,,0,0,,0,0,1,1,0
2022-Q19,exam,fill,0,,0,0,,0,0,1,1,0
2022-Q20,exam,fill,0,,0,0,,0,0,1,1,0
2022-Q21,exam,fill,0,,0,0,,0,0,1,1,0
2022-Q22,exam,fill,0,,0,0,,0,0,1,1,0
2022-Q23,exam,fill,0,,0,0,,0,0,1,1,0
2022-Q24,exam,fill,0,,0,0,,0,0,1,1,0
2022-Q25,exam,fill,0,,0,0,,0,0,1,1,0
2022-Q26,exam,fill,0,,0,0,,0,0,1,1,1
2022-Q27,exam,fill,0,,0,0,,0,0,1,1,0
2022-Q28,exam,fill,0,,0,0,,0,0,1,1,0
2022-Q29,exam,fill,0,,0,0,,0,0,1,1,0
2022-Q30,exam,fill,0,,0,0,,0,0,1,1,0
2022-Q31,exam,short,0,,0,0,,0,0,1,1,0
2022-Q32,exam,calc,0,,0,0,,0,0,1,1,0
2022-Q33,exam,calc,0,,0,0,,0,0,1,1,0
2022-Q34,exam,calc,0,,0,0,,0,0,1,1,0
2022-Q35,exam,calc,0,,0,0,,0,0,1,1,0
2022-Q36,exam,calc,0,,0,0,,0,0,1,1,0
2022-Q37,exam,calc,0,,0,0,,0,0,1,1,0
2023-Q01,exam,choice,0,,0,0,,0,0,1,1,0
2023-Q02,exam,choice,0,,0,0,,0,0,1,1,0
2023-Q03,exam,choice,0,,0,0,,0,0,1,1,0
2023-Q04,exam,choice,0,,0,0,,0,0,1,1,0
2023-Q05,exam,choice,0,,0,0,,0,0,1,1,0
2023-Q06,exam,choice,0,,0,0,,0,0,1,1,1
2023-Q07,exam,choice,0,,0,0,,0,0,1,1,0
2023-Q08,exam,choice,0,,0,0,,0,0,1,1,0
2023-Q09,exam,choice,0,,0,0,,0,0,1,1,0
2023-Q10,exam,choice,0,,1,1,,1,0,1,1,1
2023-Q11,exam,choice,0,,0,0,,0,0,1,1,0
2023-Q12,exam,choice,0,,0,0,,0,0,1,1,0
2023-Q13,exam,choice,0,,1,1,,1,0,1,1,1
2023-Q14,exam,choice,0,,0,0,,0,0,1,1,0
2023-Q15,exam,choice,0,,0,0,,0,0,1,1,0
2023-Q16,exam,fill,0,,0,0,,0,0,1,1,0
2023-Q17,exam,fill,0,,0,0,,0,0,1,1,0
2023-Q18,exam,fill,0,,0,0,,0,0,1,1,0
2023-Q19,exam,fill,0,,0,0,,0,0,1,1,0
2023-Q20,exam,fill,0,,0,0,,0,0,1,1,0
2023-Q21,exam,fill,0,,0,0,,0,0,1,1,0
2023-Q22,exam,fill,0,,0,0,,0,0,1,1,0
2023-Q23,exam,fill,0,,0,0,,0,0,1,1,0
2023-Q24,exam,fill,0,,0,0,,0,0,1,1,0
2023-Q25,exam,fill,0,,0,0,,0,0,1,1,1
2023-Q26,exam,fill,0,,0,0,,0,0,1,1,0
2023-Q27,exam,fill,0,,0,0,,0,0,1,1,1
2023-Q28,exam,fill,0,,0,0,,0,0,1,1,0
2023-Q29,exam,fill,0,,0,0,,0,0,1,1,0
2023-Q30,exam,fill,0,,0,0,,0,0,1,1,0
2023-Q31,exam,short,0,,0,0,,0,0,1,1,0
2023-Q32,exam,calc,0,,0,0,,0,0,1,1,0
2023-Q33,exam,calc,0,,0,0,,0,0,1,1,0
2023-Q34,exam,calc,0,,0,0,,0,0,1,1,0
2023-Q35,exam,calc,0,,0,0,,0,0,1,1,0
2023-Q36,exam,calc,0,,0,0,,0,0,1,1,0
2023-Q37,exam,calc,0,,0,0,,0,0,1,1,0
2024-Q01,exam,choice,0,,0,0,,0,0,0,0,0
2024-Q02,exam,choice,0,,0,0,,0,0,0,0,0
2024-Q03,exam,choice,0,,0,0,,0,0,0,0,0
2024-Q04,exam,choice,0,,0,0,,0,0,0,0,0
2024-Q05,exam,choice,0,,0,0,,0,0,0,0,0
2024-Q06,exam,choice,0,,0,0,,0,0,0,0,0
2024-Q07,exam,choice,0,,0,0,,0,0,0,0,0
2024-Q08,exam,choice,0,,0,0,,0,0,0,0,0
2024-Q09,exam,choice,0,,0,0,,0,0,0,0,0
2024-Q10,exam,choice,0,,0,0,,0,0,0,0,0
2024-Q11,exam,choice,0,,0,0,,0,0,0,0,0
2024-Q12,exam,choice,0,,0,0,,0,0,0,0,0
2024-Q13,exam,choice,0,,0,0,,0,0,0,0,0
2024-Q14,exam,choice,0,,0,0,,0,0,0,0,0
2024-Q15,exam,choice,0,,0,0,,0,0,0,0,0
2024-Q16,exam,fill,0,,0,0,,0,0,0,0,0
2024-Q17,exam,fill,0,,0,0,,0,0,0,0,0
2024-Q18,exam,fill,0,,0,0,,0,0,0,0,0
2024-Q19,exam,fill,0,,0,0,,0,0,0,0,0
2024-Q20,exam,fill,0,,0,0,,0,0,0,0,0
2024-Q21,exam,fill,0,,0,0,,0,0,0,0,0
2024-Q22,exam,fill,0,,0,0,,0,0,0,0,0
2024-Q23,exam,fill,0,,0,0,,0,0,0,0,0
2024-Q24,exam,fill,0,,0,0,,0,0,0,0,0
2024-Q25,exam,fill,0,,0,0,,0,0,0,0,0
2024-Q26,exam,short,0,,0,0,,0,0,0,0,0
2024-Q27,exam,calc,0,,0,0,,0,0,0,0,0
2024-Q28,exam,calc,0,,0,0,,0,0,0,0,0
2024-Q29,exam,calc,0,,0,0,,0,0,0,0,0
2024-Q30,exam,calc,0,,0,0,,0,0,0,0,0
2024-Q31,exam,calc,0,,1,1,,1,0,0,0,0
2024-Q32,exam,calc,1,画表列出 1--9 相区的平衡相       \item 从上至下指出三相线上的相平衡关系       \item 画出 a，b 步冷曲线,1,1,,1,0,0,0,0
2025-Q01,exam,choice,0,,0,0,,0,0,0,0,0
2025-Q02,exam,choice,0,,0,0,,0,0,0,0,0
2025-Q03,exam,choice,0,,0,0,,0,0,0,0,0
2025-Q04,exam,choice,0,,1,1,,1,0,0,0,0
2025-Q05,exam,choice,0,,0,0,,0,0,0,0,0
2025-Q06,exam,choice,0,,0,0,,0,0,0,0,0
2025-Q07,exam,choice,0,,0,0,,0,0,0,0,0
2025-Q08,exam,choice,0,,0,0,,0,0,0,0,0
2025-Q09,exam,choice,0,,0,0,,0,0,0,0,0
2025-Q10,exam,choice,0,,0,0,,0,0,0,0,0
2025-Q11,exam,choice,0,,0,0,,0,0,0,0,0
2025-Q12,exam,choice,0,,0,0,,0,0,0,0,0
2025-Q13,exam,choice,0,,0,0,,0,0,0,0,0
2025-Q14,exam,choice,0,,0,0,,0,0,0,0,0
2025-Q15,exam,choice,0,,0,0,,0,0,0,0,0
2025-Q16,exam,choice,0,,0,0,,0,0,0,0,0
2025-Q17,exam,choice,0,,0,0,,0,0,0,0,0
2025-Q18,exam,fill,0,,0,0,,0,0,0,0,0
2025-Q19,exam,fill,0,,0,0,,0,0,0,0,0
2025-Q20,exam,fill,0,,0,0,,0,0,0,0,0
2025-Q21,exam,fill,0,,0,0,,0,0,0,0,0
2025-Q22,exam,fill,0,,0,0,,0,0,0,0,0
2025-Q23,exam,fill,0,,0,0,,0,0,0,0,0
2025-Q24,exam,fill,0,,0,0,,0,0,0,0,0
2025-Q25,exam,fill,0,,0,0,,0,0,0,0,0
2025-Q26,exam,fill,0,,0,0,,0,0,0,0,0
2025-Q27,exam,fill,0,,0,0,,0,0,0,0,0
2025-Q28,exam,short,0,,0,0,,0,0,0,0,0
2025-Q29,exam,calc,0,,0,0,,0,0,0,0,0
2025-Q30,exam,calc,0,,0,0,,0,0,0,0,0
2025-Q31,exam,calc,0,,0,0,,0,0,0,0,0
2025-Q32,exam,calc,0,,0,0,,0,0,0,0,0
2025-Q33,exam,calc,0,,0,0,,0,0,0,0,0
2026-Q01,exam,choice,0,,0,0,,0,0,0,0,0
2026-Q02,exam,choice,0,,0,0,,0,0,0,0,0
2026-Q03,exam,choice,0,,0,0,,0,0,0,0,0
2026-Q04,exam,choice,0,,0,0,,0,0,0,0,0
2026-Q05,exam,choice,0,,0,0,,0,0,0,0,0
2026-Q06,exam,choice,0,,0,0,,0,0,0,0,0
2026-Q07,exam,choice,0,,0,0,,0,0,0,0,0
2026-Q08,exam,choice,0,,1,1,,1,0,0,0,0
2026-Q09,exam,choice,0,,0,0,,0,0,0,0,0
2026-Q10,exam,choice,0,,0,0,,0,0,0,0,0
2026-Q11,exam,choice,0,,0,0,,0,0,0,0,0
2026-Q12,exam,choice,0,,0,0,,0,0,0,0,0
2026-Q13,exam,choice,0,,0,0,,0,0,0,0,0
2026-Q14,exam,choice,0,,0,0,,0,0,0,0,0
2026-Q15,exam,choice,0,,0,0,,0,0,0,0,0
2026-Q16,exam,choice,0,,0,0,,0,0,0,0,0
2026-Q17,exam,choice,0,,0,0,,0,0,0,0,0
2026-Q18,exam,choice,0,,0,0,,0,0,0,0,0
2026-Q19,exam,choice,0,,0,0,,0,0,0,0,0
2026-Q20,exam,choice,0,,0,0,,0,0,0,0,0
2026-Q21,exam,fill,0,,0,0,,0,0,0,0,0
2026-Q22,exam,fill,0,,0,0,,0,0,0,0,0
2026-Q23,exam,fill,0,,0,0,,0,0,0,0,0
2026-Q24,exam,fill,0,,0,0,,0,0,0,0,0
2026-Q25,exam,fill,0,,0,0,,0,0,0,0,0
2026-Q26,exam,fill,0,,0,0,,0,0,0,0,0
2026-Q27,exam,fill,0,,0,0,,0,0,0,0,0
2026-Q28,exam,fill,0,,0,0,,0,0,0,0,0
2026-Q29,exam,fill,0,,0,0,,0,0,0,0,0
2026-Q30,exam,fill,0,,0,0,,0,0,0,0,0
2026-Q31,exam,fill,0,,0,0,,0,0,0,0,0
2026-Q32,exam,fill,0,,0,0,,0,0,0,0,0
2026-Q33,exam,short,0,,0,0,,0,0,0,0,0
2026-Q34,exam,calc,0,,0,0,,0,0,0,0,0
2026-Q35,exam,calc,0,,0,0,,0,0,0,0,0
2026-Q36,exam,calc,1,画出系统点 a，b 冷却时的步冷曲线,1,1,,1,0,0,0,0
2026-Q37,exam,calc,0,,0,0,,0,0,0,0,0
2026-Q38,exam,calc,0,,0,0,,0,0,0,0,0
A-C01,prediction_A,choice,0,,0,0,,0,0,1,1,0
A-C02,prediction_A,choice,0,,0,0,,0,0,1,1,0
A-C03,prediction_A,choice,0,,0,0,,0,0,1,1,0
A-C04,prediction_A,choice,0,,0,0,,0,0,1,1,0
A-C05,prediction_A,choice,0,,0,0,,0,0,1,1,0
A-C06,prediction_A,choice,0,,0,0,,0,0,1,1,0
A-C07,prediction_A,choice,0,,0,0,,0,0,1,1,0
A-C08,prediction_A,choice,0,,0,0,,0,0,1,1,0
A-C09,prediction_A,choice,0,,0,0,,0,0,1,1,0
A-C10,prediction_A,choice,0,,0,0,,0,0,1,1,0
A-C11,prediction_A,choice,0,,0,0,,0,0,1,1,0
A-C12,prediction_A,choice,0,,0,0,,0,0,1,1,0
A-C13,prediction_A,choice,0,,0,0,,0,0,1,1,0
A-C14,prediction_A,choice,0,,0,0,,0,0,1,1,0
A-C15,prediction_A,choice,0,,0,0,,0,0,1,1,0
A-F01,prediction_A,fill,0,,0,0,,0,0,1,1,0
A-F02,prediction_A,fill,0,,0,0,,0,0,1,1,0
A-F03,prediction_A,fill,0,,0,0,,0,0,1,1,0
A-F04,prediction_A,fill,0,,0,0,,0,0,1,1,0
A-F05,prediction_A,fill,0,,0,0,,0,0,1,1,0
A-F06,prediction_A,fill,0,,0,0,,0,0,1,1,0
A-F07,prediction_A,fill,0,,0,0,,0,0,1,1,0
A-F08,prediction_A,fill,0,,0,0,,0,0,1,1,0
A-F09,prediction_A,fill,0,,0,0,,0,0,1,1,0
A-F10,prediction_A,fill,0,,0,0,,0,0,1,1,0
A-S01,prediction_A,short,0,,0,0,,0,0,1,1,0
A-T01,prediction_A,calc,0,,0,0,,0,0,1,1,0
A-T02,prediction_A,calc,0,,0,0,,0,0,1,1,0
A-T03,prediction_A,calc,0,,0,0,,0,0,1,1,0
A-T04,prediction_A,calc,1,画出 Zn-Mg 二组分相图,0,0,,0,1,1,1,1
A-T05,prediction_A,calc,0,,0,0,,0,0,1,1,0
A-T06,prediction_A,calc,0,,0,0,,0,0,1,1,0
B-C01,prediction_B,choice,0,,0,0,,0,0,1,1,0
B-C02,prediction_B,choice,0,,0,0,,0,0,1,1,0
B-C03,prediction_B,choice,0,,0,0,,0,0,1,1,0
B-C04,prediction_B,choice,0,,0,0,,0,0,1,1,0
B-C05,prediction_B,choice,0,,0,0,,0,0,1,1,0
B-C06,prediction_B,choice,0,,0,0,,0,0,1,1,0
B-C07,prediction_B,choice,0,,0,0,,0,0,1,1,0
B-C08,prediction_B,choice,0,,0,0,,0,0,1,1,0
B-C09,prediction_B,choice,0,,0,0,,0,0,1,1,0
B-C10,prediction_B,choice,0,,0,0,,0,0,1,1,0
B-C11,prediction_B,choice,0,,0,0,,0,0,1,1,0
B-C12,prediction_B,choice,0,,0,0,,0,0,1,1,0
B-C13,prediction_B,choice,0,,0,0,,0,0,1,1,0
B-C14,prediction_B,choice,0,,0,0,,0,0,1,1,1
B-C15,prediction_B,choice,0,,0,0,,0,0,1,1,0
B-F01,prediction_B,fill,0,,0,0,,0,0,1,1,0
B-F02,prediction_B,fill,0,,0,0,,0,0,1,1,0
B-F03,prediction_B,fill,0,,0,0,,0,0,1,1,0
B-F04,prediction_B,fill,0,,0,0,,0,0,1,1,0
B-F05,prediction_B,fill,0,,0,0,,0,0,1,1,0
B-F06,prediction_B,fill,0,,0,0,,0,0,1,1,0
B-F07,prediction_B,fill,0,,0,0,,0,0,1,1,0
B-F08,prediction_B,fill,0,,0,0,,0,0,1,1,0
B-F09,prediction_B,fill,0,,0,0,,0,0,1,1,0
B-F10,prediction_B,fill,0,,0,0,,0,0,1,1,0
B-S01,prediction_B,short,0,,0,0,,0,0,1,1,0
B-T01,prediction_B,calc,0,,0,0,,0,0,1,1,0
B-T02,prediction_B,calc,0,,0,0,,0,0,1,1,0
B-T03,prediction_B,calc,0,,0,0,,0,0,1,1,0
B-T04,prediction_B,calc,0,,0,0,,0,0,1,1,0
B-T05,prediction_B,calc,0,,0,0,,0,0,1,1,0
B-T06,prediction_B,calc,0,,0,0,,0,0,1,1,0
